"title,short_description,url,date"
"Full article and video from Erev Tov with Guy Pines,""Full article/video item connected to the Sacha Baron Cohen “The Dictator” press-conference incident involving Nimrod Dvir."",""http://bidur.nana10.co.il/Article/?ArticleID=895568"",""2012-05 (needs verification)"""
"Entertainment Weekly: Sacha Baron Cohen’s “Dictator” press conference,""Entertainment Weekly coverage of Sacha Baron Cohen’s in-character press event for The Dictator; included as external coverage of the incident."",""http://insidemovies.ew.com/2012/05/07/sacha-baron-cohen-the-dictator/"",""2012-05-07 (from URL; needs verification)"""
"Sacha Baron Cohen’s Press Conference for The Dictator: Funny, or Predictable?,""Vulture/New York Magazine report on the Waldorf Astoria press conference; mentions the Israeli journalist interaction during the event."",""http://www.vulture.com/2012/05/vulture-attended-the-dictator-press-conference.html"",""2012-05-08"""
"“הדיקטטור” הצמיד אקדח לחלציו של כתב ישראלי,""Ynet article about Nimrod Dvir’s encounter with Sacha Baron Cohen, in character as The Dictator, during a New York press conference."",""http://www.ynet.co.il/articles/0,7340,L-4226092,00.html"",""2012-05-08"""
"יואיקס באקדמיה — עם אורח מיוחד דר. נמרוד דביר,""Podcast episode about UX in academia, research universities, Sticky Words, and how word choice can influence user behavior. Apple Podcasts version."",""https://podcasts.apple.com/us/podcast/%D7%99%D7%95%D7%90%D7%99%D7%A7%D7%A1-%D7%91%D7%90%D7%A7%D7%93%D7%9E%D7%99%D7%94-%D7%A2%D7%9D-%D7%90%D7%95%D7%A8%D7%97-%D7%9E%D7%99%D7%95%D7%97%D7%93-%D7%93%D7%A8-%D7%A0%D7%9E%D7%A8%D7%95%D7%93-%D7%93%D7%91%D7%99%D7%A8-%D7%90%D7%99%D7%9A-%D7%9E%D7%93%D7%91%D7%A8%D7%99%D7%9D/id1769158453?i=1000708941336&l=vi"",""needs verification"""
"יואיקס באקדמיה — פרק 36 עם דר. נמרוד דביר,""Spotify version of the podcast episode on UX in academia, Sticky Words, and research on language and user behavior."",""https://open.spotify.com/episode/0AO6qHIY31inEUWyve8Y0N?si=a5CYHauKTvCAbwjtJUyhLg"",""needs verification"""
"Ynet article — title/date to verify,""Exact Ynet URL supplied by user; metadata still needs verification."",""https://www.ynet.co.il/articles/0,7340,L-3153914,00.html"",""needs verification"""
"נמרוד דביר מצטרף ל-nrg-מעריב,""Walla Branja item reporting Nimrod Dvir’s appointment as culture-section editor at nrg-Maariv after work with Pnai Plus and Ynet."",""https://b.walla.co.il/item/1628109"",""2010-01-03"""
"All Wikipedia references for Nimrod Dvir,""Wikimedia/Wikipedia reference-search collection supplied as an archive of pages citing Nimrod Dvir."",""https://w.wiki/No7H"",""needs verification"""
"שינויים במערכת פנאי פלוס,""Bizportal item about editorial changes at Pnai Plus; exact metadata needs verification."",""https://www.bizportal.co.il/general/news/article/152233"",""needs verification"""
"NRG / Makor Rishon item — title/date to verify,""Exact NRG/Makor Rishon URL supplied by user; metadata still needs verification."",""https://www.makorrishon.co.il/nrg/online/1/ART1/616/912.html"",""needs verification"""
"Walla Branja item — title/date to verify,""Exact Walla Branja URL supplied by user; metadata still needs verification."",""https://b.walla.co.il/item/905682"",""needs verification"""
"Ynet article — title/date to verify,""Exact Ynet URL supplied by user; metadata still needs verification."",""https://www.ynet.co.il/articles/0,7340,L-3254692,00.html"",""needs verification"""
"יש מקום לכולם,""Ynet response article by Yuval Ganor discussing Nimrod Dvir’s earlier article about LGBTQ visibility on Israeli television."",""https://www.ynet.co.il/articles/0,7340,L-3730911,00.html"",""2009-06-14"""
"Xnet article — title/date to verify,""Exact Xnet/Ynet URL supplied by user; metadata still needs verification."",""https://xnet.ynet.co.il/xo/articles/0,,L-3092537,00.html"",""needs verification"""
"NRG / Makor Rishon item — title/date to verify,""Exact NRG/Makor Rishon URL supplied by user; metadata still needs verification."",""https://www.makorrishon.co.il/nrg/online/1/ART2/178/322.html"",""needs verification"""