ID,Translate?,Priority,Status,Type,Interviewee,Title (Hebrew),Title (English),Publication,Date,Original URL,Images,Original HTML Path,Translation Path,Page Path,Found In,Notes
W001,No,,published,interview,Jamie Foxx,ג'יימי פוקס איז אין דה האוס,Jamie Foxx Is in the House,Ynet,2005-08-17,"https://www.ynet.co.il/articles/0,7340,L-3128928,00.html",on Cloudinary,,,src/content/interviews/jamie-foxx.md,src/content/interviews/jamie-foxx.md; MyWriting.xlsx!Sheet15!C2,
W002,No,,published,interview,Jim Carrey,"ועכשיו, ברצינות","And Now, Seriously: Jim Carrey",Ynet,2006-01-18,"https://www.ynet.co.il/articles/0,7340,L-3202355,00.html",on Cloudinary,,,src/content/interviews/jim-carrey.md,src/content/interviews/jim-carrey.md; MyWriting.xlsx!Sheet15!C3,
W003,No,,published,interview,Julia Louis-Dreyfus,חזרתי,Julia Louis-Dreyfus: 'I'm Back',Israel Hayom,2019-03-28,https://www.israelhayom.co.il/article/645081,on Cloudinary,Media/Interviews/israelhayom.co.il_article_645081.pdf,,src/content/interviews/julia-louis-dreyfus.md,src/content/interviews/julia-louis-dreyfus.md; MyWriting.xlsx!Sheet12!D14; MyWriting.xlsx!wiki-2!B76,link from {{ישראל היום}} citation on he.wikipedia: ג'וליה לואי-דרייפוס; original saved as PDF
W004,No,,published,interview,Lady Gaga,גאגא שואו,Lady Gaga Show: The Making of a Pop Phenomenon,Ynet,2009-08-12,"https://www.ynet.co.il/articles/0,7340,L-3760766,00.html",on Cloudinary,,,src/content/interviews/lady-gaga.md,src/content/interviews/lady-gaga.md; NimDvirArticles.xlsx!A197; MyWriting - NimDvirArticle.csv!line 197,
W005,No,,published,interview,Michael Fassbender,,Michael Fassbender: 'I Hope Humanity Has Changed',Ynet,2014-01-20,"https://www.ynet.co.il/articles/0,7340,L-4478269,00.html",on Cloudinary,,,src/content/interviews/michael-fassbender.md,src/content/interviews/michael-fassbender.md,site sourceUrl not found in any source list
W006,No,,published,interview,RuPaul Charles,"""אני עסיסית, לא כלבה""","I’m Juicy, Not a Bitch",Ynet,2009-07-03,"https://www.ynet.co.il/articles/0,7340,L-3737578,00.html",on Cloudinary,,,src/content/interviews/rupaul.md,src/content/interviews/rupaul.md; NimDvirArticles.xlsx!A275; MyWriting - NimDvirArticle.csv!line 275; MyWriting.xlsx!Sheet12!D5; MyWriting.xlsx!wiki-2!B32; he.wikipedia:רופול,link from {{ynet}} citation on he.wikipedia: רופול
W007,No,,not started,unknown,,כוכבות סמאש: אם הסדרה תרד - נישאר בברודוויי,,Ynet,2013-05-01,https://www.ynet.co.il/article/4362943,,,,,NimDvirArticles.xlsx!A1; MyWriting - NimDvirArticle.csv!line 1,
W008,No,,not started,unknown,,"הגולם ב""לה מאמא""",,Ynet,2011-11-27,https://www.ynet.co.il/article/4153421,,,,,NimDvirArticles.xlsx!A4; MyWriting - NimDvirArticle.csv!line 4,
W009,No,,not started,unknown,,סנדי מתקרבת במהירות: מיליון איש נותקו מחשמל,,Ynet,2012-10-30,https://www.ynet.co.il/article/4298601,,,,,NimDvirArticles.xlsx!A7; MyWriting - NimDvirArticle.csv!line 7,
W010,No,,not started,report,,בדיחה של מאסטר,,Ynet,2009-07-22,"https://www.ynet.co.il/articles/0,7340,L-3750040,00.html",,,,,NimDvirArticles.xlsx!A10; MyWriting - NimDvirArticle.csv!line 10; MyWriting.xlsx!wiki-2!B52,link from {{ynet}} citation on he.wikipedia: קומדיית מצבים
W011,No,,not started,interview,צ'ואיטל אג'יופור,"צ'ואיטל אג'יופור: ""כולם עבדים של המערכת""",,Ynet,2014-01-16,https://www.ynet.co.il/article/4477287,,,,,NimDvirArticles.xlsx!A13; MyWriting - NimDvirArticle.csv!line 13; MyWriting.xlsx!wiki-2!B115,link from {{ynet}} citation on he.wikipedia: צ'ואיטל אג'יופור
W012,No,,not started,review,,העיר הלבנה-הוורודה,,Ynet,2009-12-16,"https://www.ynet.co.il/articles/0,7340,L-3820267,00.html",,,,,NimDvirArticles.xlsx!A16; MyWriting - NimDvirArticle.csv!line 16,
W013,No,,not started,unknown,,Other Desert Cities,,Ynet,2011-11-15,"https://www.ynet.co.il/articles/0,7340,L-4148202,00.html",,,,,NimDvirArticles.xlsx!A19; MyWriting - NimDvirArticle.csv!line 19,
W014,No,,not started,unknown,,מה עושים השבוע בניו-יורק,,Ynet,2011-12-11,https://www.ynet.co.il/article/4159184,,,,,NimDvirArticles.xlsx!A22; MyWriting - NimDvirArticle.csv!line 22,
W015,No,,not started,unknown,,Tower Heist,,Ynet,2011-11-10,"https://www.ynet.co.il/articles/0,7340,L-4146739,00.html",,,,,NimDvirArticles.xlsx!A25; MyWriting - NimDvirArticle.csv!line 25,
W016,No,,needs checking,review,,יש מקום לכולם,,Ynet,2009-06-14,"https://www.ynet.co.il/articles/0,7340,L-3730911,00.html",,,,,NimDvirArticles.xlsx!A28; MyWriting - NimDvirArticle.csv!line 28; MyWriting - Sheet17.csv!line 15,Sheet17.csv says: Ynet response article by Yuval Ganor discussing Nimrod Dvir’s earlier article about LGBTQ visibility on Israeli television.
W017,No,,not started,unknown,,אמי 2011: מי יזכה בפרס ולמי באמת מגיע?,,Ynet,2011-09-17,"https://www.ynet.co.il/articles/0,7340,L-4121576,00.html",,,,,NimDvirArticles.xlsx!A31; MyWriting - NimDvirArticle.csv!line 31; NimDvirArticles.xlsx!A124; MyWriting - NimDvirArticle.csv!line 32; NimDvirArticles.xlsx!A287; MyWriting - NimDvirArticle.csv!line 2; MyWriting.xlsx!Sheet12!D9,
W018,No,,not started,interview,"כוכבי הסדרה ""חצויה""",חושפים שיניים,,Ynet,2009-06-03,"https://www.ynet.co.il/articles/0,7340,L-3724874,00.html",,,,,NimDvirArticles.xlsx!A34; MyWriting - NimDvirArticle.csv!line 34; MyWriting.xlsx!wiki-2!B74; MyWriting.xlsx!wiki-2!B75,link from {{ynet}} citation on he.wikipedia: עמית פרקש; link from {{ynet}} citation on he.wikipedia: חצויה
W019,No,,not started,unknown,,גבירותיי ורבותי: דיווח מהחזית,,Ynet,2006-10-20,"https://www.ynet.co.il/articles/0,7340,L-3317324,00.html",,,,,NimDvirArticles.xlsx!A37; MyWriting - NimDvirArticle.csv!line 37,
W020,No,,not started,column,,מיץ אמריקה,,Ynet,2006-01-18,"https://www.ynet.co.il/articles/0,7340,L-3202428,00.html",,,,,NimDvirArticles.xlsx!A40; MyWriting - NimDvirArticle.csv!line 40,
W021,No,,not started,interview,אווה מנדז,"אווה מנדז: ""בסרט לא אכפת לי איך אני נראית""",,Ynet,2013-05-13,"https://www.ynet.co.il/articles/0,7340,L-4378999,00.html",,,,,NimDvirArticles.xlsx!A43; MyWriting - NimDvirArticle.csv!line 43; MyWriting.xlsx!wiki-2!B48,link from {{ynet}} citation on he.wikipedia: אווה מנדז
W022,No,,not started,unknown,,אף אחת מהגניחות על המגרש לא יכלה להעיד שלפנינו נקרעת אנה סמשנובה ...,,Ynet,2005-09-14,https://www.ynet.co.il/article/3142048,,,,,NimDvirArticles.xlsx!A46; MyWriting - NimDvirArticle.csv!line 46,
W023,No,,not started,interview,מתיו ברודריק,צדק חברתי בתפוח הגדול: ראיון עם מתיו ברודריק,,Ynet,2011-11-02,https://www.ynet.co.il/article/4141079,,,,,NimDvirArticles.xlsx!A49; MyWriting - NimDvirArticle.csv!line 49; MyWriting.xlsx!wiki-2!B116,link from {{ynet}} citation on he.wikipedia: מתיו ברודריק
W024,No,,not started,unknown,,פסטיבל הסרטים ישראל אחרת,,Ynet,2011-11-10,https://www.ynet.co.il/article/4146752,,,,,NimDvirArticles.xlsx!A52; MyWriting - NimDvirArticle.csv!line 52; NimDvirArticles.xlsx!A109; MyWriting - NimDvirArticle.csv!line 26,
W025,No,,not started,other,,המלצות השבוע של ידיעות אמריקה (ניו-יורק),,Ynet,2012-05-12,"https://www.ynet.co.il/articles/0,7340,L-4227189,00.html",,,,,NimDvirArticles.xlsx!A55; MyWriting - NimDvirArticle.csv!line 55,
W026,No,,not started,review,,"הסדרה ""גיהנום על גלגלים"": הרכבת לא סוחבת",,Ynet,2011-11-07,https://www.ynet.co.il/article/4144919,,,,,NimDvirArticles.xlsx!A58; MyWriting - NimDvirArticle.csv!line 58; NimDvirArticles.xlsx!A163; MyWriting - NimDvirArticle.csv!line 17; MyWriting.xlsx!wiki-2!B67,link from {{ynet}} citation on he.wikipedia: גיהנום על גלגלים
W027,No,,not started,review,,זו אצלה אהבה ראשונה,,Ynet,2009-07-14,"https://www.ynet.co.il/articles/0,7340,L-3746249,00.html",,,,,NimDvirArticles.xlsx!A61; MyWriting - NimDvirArticle.csv!line 61,
W028,No,,not started,unknown,,"קלואי, גם את מפורסמת",,Ynet,2009-10-21,https://www.ynet.co.il/article/3792900,,,,,NimDvirArticles.xlsx!A64; MyWriting - NimDvirArticle.csv!line 64,
W029,No,,not started,unknown,,מזגן מפוצל,,Ynet,,"https://www.ynet.co.il/articles/0,7340,L-3763589,00.html",,,,,NimDvirArticles.xlsx!A67; MyWriting - NimDvirArticle.csv!line 67,
W030,No,,not started,unknown,,עוף גוזל,,Ynet,2005-07-20,"https://www.ynet.co.il/articles/0,7340,L-3115574,00.html",,,,,NimDvirArticles.xlsx!A70; MyWriting - NimDvirArticle.csv!line 70,
W031,No,,not started,unknown,,"""אוהבים את ישראל ואוהבים לקטר עליה""",,Ynet,2014-01-19,"https://www.ynet.co.il/articles/0,7340,L-4477544,00.html",,,,,NimDvirArticles.xlsx!A73; MyWriting - NimDvirArticle.csv!line 73,
W032,No,,not started,unknown,,מגילות ים המלח,,Ynet,2011-11-08,"https://www.ynet.co.il/articles/0,7340,L-4145282,00.html",,,,,NimDvirArticles.xlsx!A76; MyWriting - NimDvirArticle.csv!line 76,
W033,No,,not started,unknown,,"תסתכלו עליהם, ותראו דבילים",,Ynet,2009-09-11,"https://www.ynet.co.il/articles/0,7340,L-3774878,00.html",,,,,NimDvirArticles.xlsx!A79; MyWriting - NimDvirArticle.csv!line 79,
W034,No,,not started,unknown,,אין אליפות,,Ynet,2009-09-21,https://www.ynet.co.il/article/3779340,,,,,NimDvirArticles.xlsx!A82; MyWriting - NimDvirArticle.csv!line 82,
W035,No,,not started,unknown,,כסף כן יכול לקנות אהבה,,Ynet,2009-07-01,"https://www.ynet.co.il/articles/0,7340,L-3739132,00.html",,,,,NimDvirArticles.xlsx!A85; MyWriting - NimDvirArticle.csv!line 85,
W036,No,,not started,review,,חתול בשק ושמו וונדה,,Ynet,2009-11-20,"https://www.ynet.co.il/articles/0,7340,L-3807249,00.html",,,,,NimDvirArticles.xlsx!A88; MyWriting - NimDvirArticle.csv!line 88; NimDvirArticles.xlsx!A215; MyWriting - NimDvirArticle.csv!line 2,
W037,No,,not started,other,,אירועים חמים לחורף - המלצות השבוע,,Ynet,2012-01-06,"https://www.ynet.co.il/articles/0,7340,L-4172017,00.html",,,,,NimDvirArticles.xlsx!A91; MyWriting - NimDvirArticle.csv!line 91; NimDvirArticles.xlsx!A145; MyWriting - NimDvirArticle.csv!line 56,
W038,No,,not started,other,,המלצות השבוע בניו-יורק,,Ynet,2013-02-07,"https://www.ynet.co.il/articles/0,7340,L-4342539,00.html",,,,,NimDvirArticles.xlsx!A94; MyWriting - NimDvirArticle.csv!line 94; NimDvirArticles.xlsx!A148; MyWriting - NimDvirArticle.csv!line 95,
W039,No,,not started,other,,המלצות השבוע של ידיעות אמריקה (ניו-יורק),,Ynet,2012-04-01,https://www.ynet.co.il/article/4210435,,,,,NimDvirArticles.xlsx!A97; MyWriting - NimDvirArticle.csv!line 55,
W040,No,,not started,review,,אנחנו דור מצולם,,Ynet,2009-08-18,"https://www.ynet.co.il/articles/0,7340,L-3763459,00.html",,,,,NimDvirArticles.xlsx!A100; MyWriting - NimDvirArticle.csv!line 100; NimDvirArticles.xlsx!A245; MyWriting - NimDvirArticle.csv!line 17,
W041,No,,not started,report,,שוק הכרמלה,,Ynet,2009-06-21,https://www.ynet.co.il/article/3734482,,,,,NimDvirArticles.xlsx!A103; MyWriting - NimDvirArticle.csv!line 103; NimDvirArticles.xlsx!A121; MyWriting - NimDvirArticle.csv!line 11,link taken from a Google redirect
W042,No,,not started,other,,המלצות השבוע של ידיעות אמריקה (ניו-יורק),,Ynet,2012-10-11,"https://www.ynet.co.il/articles/0,7340,L-4291148,00.html",,,,,NimDvirArticles.xlsx!A106; MyWriting - NimDvirArticle.csv!line 55,
W043,No,,not started,other,,המלצות השבוע של ידיעות אמריקה (ניו-יורק),,Ynet,2012-06-09,"https://www.ynet.co.il/articles/0,7340,L-4239771,00.html",,,,,NimDvirArticles.xlsx!A112; MyWriting - NimDvirArticle.csv!line 55,
W044,No,,not started,unknown,,"הפאה של קימברלי, הסיוטים של בילי, הצרחות של אמנדה והקומפלקס המתפוצץ ...",,Ynet,,https://www.ynet.co.il/article/3773028,,,,,NimDvirArticles.xlsx!A115; MyWriting - NimDvirArticle.csv!line 115,
W045,No,,not started,unknown,,לופז מהבלוק,,Ynet,2009-11-20,https://www.ynet.co.il/article/3807700,,,,,NimDvirArticles.xlsx!A118; MyWriting - NimDvirArticle.csv!line 118,
W046,No,,captured,unknown,,"""את מי אני מעניינת?""",,Ynet,2006-02-22,"https://www.ynet.co.il/articles/0,7340,L-3219720,00.html",,Media/Interviews/_את מי אני מעניינת__.pdf,,,NimDvirArticles.xlsx!A127; MyWriting - NimDvirArticle.csv!line 127,original saved as PDF
W047,No,,not started,other,,המלצות השבוע של ידיעות אמריקה (ניו-יורק),,Ynet,2012-06-22,"https://www.ynet.co.il/articles/0,7340,L-4245781,00.html",,,,,NimDvirArticles.xlsx!A130; MyWriting - NimDvirArticle.csv!line 55,
W048,No,,not started,column,,ברק חם לחורף,,Ynet,2009-12-16,"https://www.ynet.co.il/articles/0,7340,L-3820699,00.html",,,,,NimDvirArticles.xlsx!A133; MyWriting - NimDvirArticle.csv!line 133,
W049,No,,not started,other,,המלצות השבוע בניו-יורק,,Ynet,2012-11-01,"https://www.ynet.co.il/articles/0,7340,L-4300316,00.html",,,,,NimDvirArticles.xlsx!A136; MyWriting - NimDvirArticle.csv!line 94; NimDvirArticles.xlsx!A157; MyWriting - NimDvirArticle.csv!line 56,
W050,No,,not started,report,,"וולטר קרונקייט, שדר CBS האגדי הלך לעולמו",,Ynet,2009-07-18,"https://www.ynet.co.il/articles/0,7340,L-3748246,00.html",,,,,NimDvirArticles.xlsx!A139; MyWriting - NimDvirArticle.csv!line 139; NimDvirArticles.xlsx!A236; MyWriting - NimDvirArticle.csv!line 2; MyWriting.xlsx!wiki-2!B71,link from {{ynet}} citation on he.wikipedia: וולטר קרונקייט
W051,No,,not started,other,,המלצות לפעילויות ברחבי העיר לחג הפסח (ניו-יורק),,Ynet,2012-04-07,"https://www.ynet.co.il/articles/0,7340,L-4213226,00.html",,,,,NimDvirArticles.xlsx!A142; MyWriting - NimDvirArticle.csv!line 142,
W052,No,,not started,unknown,,ג'יי לא,,Ynet,2005-09-14,https://www.ynet.co.il/article/3142058,,,,,NimDvirArticles.xlsx!A151; MyWriting - NimDvirArticle.csv!line 151,
W053,No,,not started,other,,המלצות השבוע של ידיעות אמריקה (ניו-יורק),,Ynet,2012-04-18,"https://www.ynet.co.il/articles/0,7340,L-4215470,00.html",,,,,NimDvirArticles.xlsx!A154; MyWriting - NimDvirArticle.csv!line 55,
W054,No,,not started,other,,המלצות השבוע בניו-יורק,,Ynet,2012-11-26,https://www.ynet.co.il/article/4312000,,,,,NimDvirArticles.xlsx!A160; MyWriting - NimDvirArticle.csv!line 94,
W055,No,,not started,column,,קיל ביל,,Ynet,2008-01-23,"https://www.ynet.co.il/articles/0,7340,L-3497567,00.html",,,,,NimDvirArticles.xlsx!A166; MyWriting - NimDvirArticle.csv!line 166,
W056,No,,not started,unknown,,תערוכת רפאים,,Ynet,2009-11-23,"https://www.ynet.co.il/articles/0,7340,L-3809220,00.html",,,,,NimDvirArticles.xlsx!A169; MyWriting - NimDvirArticle.csv!line 169,
W057,No,,not started,column,,שרה שרה שיר שמח,,Ynet,2005-11-16,"https://www.ynet.co.il/articles/0,7340,L-3170296,00.html",,,,,NimDvirArticles.xlsx!A172; MyWriting - NimDvirArticle.csv!line 172,
W058,No,,not started,unknown,,גאים להיות פה,,Ynet,2009-10-23,"https://www.ynet.co.il/articles/0,7340,L-3794290,00.html",,,,,NimDvirArticles.xlsx!A175; MyWriting - NimDvirArticle.csv!line 175; MyWriting.xlsx!wiki-2!B26; he.wikipedia:מייקל לוקאס,link from {{ynet}} citation on he.wikipedia: מייקל לוקאס
W059,No,,not started,unknown,,רן ליבי רן,,Ynet,2009-09-02,"https://www.ynet.co.il/articles/0,7340,L-3770361,00.html",,,,,NimDvirArticles.xlsx!A178; MyWriting - NimDvirArticle.csv!line 178,
W060,No,,not started,unknown,,הזמן הורוד,,Ynet,2007-05-30,"https://www.ynet.co.il/articles/0,7340,L-3406337,00.html",,,,,NimDvirArticles.xlsx!A182; MyWriting - NimDvirArticle.csv!line 182; NimDvirArticles.xlsx!A239; MyWriting - NimDvirArticle.csv!line 71,
W061,No,,not started,unknown,,"נמרוד דביר ראה את ""יוסף וכתונת הפסים המשגעת"" וחזר ממנו כדי לבשר על שובו ...",,Ynet,2008-07-30,https://www.ynet.co.il/article/3575621,,,,,NimDvirArticles.xlsx!A185; MyWriting - NimDvirArticle.csv!line 185,
W062,No,,not started,column,,אין כמו בבית,,Ynet,2005-10-11,"https://www.ynet.co.il/articles/0,7340,L-3153914,00.html",,,,,NimDvirArticles.xlsx!A188; MyWriting - NimDvirArticle.csv!line 188; MyWriting - Sheet17.csv!line 8,
W063,No,,not started,unknown,,ואז הגיעה פולי,,Ynet,2006-03-01,https://www.ynet.co.il/article/3222611,,,,,NimDvirArticles.xlsx!A191; MyWriting - NimDvirArticle.csv!line 191,
W064,No,,not started,column,,קבלת כסף,,Ynet,2005-06-29,"https://www.ynet.co.il/articles/0,7340,L-3105624,00.html",,,,,NimDvirArticles.xlsx!A194; MyWriting - NimDvirArticle.csv!line 194,
W065,No,,not started,unknown,,בדיקת דם,,Ynet,2009-06-16,https://www.ynet.co.il/article/3731718,,,,,NimDvirArticles.xlsx!A200; MyWriting - NimDvirArticle.csv!line 200,
W066,No,,not started,column,,רומא על המפה,,Ynet,2005-07-13,"https://www.ynet.co.il/articles/0,7340,L-3112214,00.html",,,,,NimDvirArticles.xlsx!A203; MyWriting - NimDvirArticle.csv!line 203,
W067,No,,not started,column,,לה בוהם לעניים,,Ynet,2005-12-07,"https://www.ynet.co.il/articles/0,7340,L-3180921,00.html",,,,,NimDvirArticles.xlsx!A206; MyWriting - NimDvirArticle.csv!line 206,
W068,No,,not started,unknown,,עונת הקאמבקים,,Ynet,2008-12-03,https://www.ynet.co.il/article/3632053,,,,,NimDvirArticles.xlsx!A209; MyWriting - NimDvirArticle.csv!line 209,
W069,No,,not started,column,,מצב אנוש,,Ynet,2009-11-04,"https://www.ynet.co.il/articles/0,7340,L-3799567,00.html",,,,,NimDvirArticles.xlsx!A212; MyWriting - NimDvirArticle.csv!line 212; NimDvirArticles.xlsx!A263; MyWriting - NimDvirArticle.csv!line 134,
W070,No,,not started,unknown,,מסיבת הפתעה,,Ynet,,"https://www.ynet.co.il/articles/0,7340,L-3766806,00.html",,,,,NimDvirArticles.xlsx!A218; MyWriting - NimDvirArticle.csv!line 218,
W071,No,,not started,unknown,,קצת גאווה עצמית,,Ynet,2009-06-10,https://www.ynet.co.il/article/3729243,,,,,NimDvirArticles.xlsx!A221; MyWriting - NimDvirArticle.csv!line 221; NimDvirArticles.xlsx!A266; MyWriting - NimDvirArticle.csv!line 2,
W072,No,,not started,column,,שיר הבטלנים,,Ynet,2007-05-02,"https://www.ynet.co.il/articles/0,7340,L-3394555,00.html",,,,,NimDvirArticles.xlsx!A224; MyWriting - NimDvirArticle.csv!line 224,
W073,No,,not started,review,,חמישה ערוצים בלבד: בעד ונגד,,Ynet,2009-07-30,"https://www.ynet.co.il/articles/0,7340,L-3754103,00.html",,,,,NimDvirArticles.xlsx!A227; MyWriting - NimDvirArticle.csv!line 227,
W074,No,,not started,unknown,,"""הפירמה"" של NBC: איטריה משפטית מחוממת",,Ynet,2012-01-09,https://www.ynet.co.il/article/4173206,,,,,NimDvirArticles.xlsx!A230; MyWriting - NimDvirArticle.csv!line 230,
W075,No,,not started,column,,נכנסים למוד דפש,,Ynet,2007-04-04,"https://www.ynet.co.il/articles/0,7340,L-3384418,00.html",,,,,NimDvirArticles.xlsx!A233; MyWriting - NimDvirArticle.csv!line 233,
W076,No,,not started,unknown,,"""בית השקרים"": לטבוע עם כרישים",,Ynet,2012-01-12,https://www.ynet.co.il/article/4173943,,,,,NimDvirArticles.xlsx!A242; MyWriting - NimDvirArticle.csv!line 242; NimDvirArticles.xlsx!A296; MyWriting - NimDvirArticle.csv!line 2,
W077,No,,not started,column,,ילדה ילדה ילדה,,Ynet,2007-10-31,"https://www.ynet.co.il/articles/0,7340,L-3466211,00.html",,,,,NimDvirArticles.xlsx!A248; MyWriting - NimDvirArticle.csv!line 248,
W078,No,,not started,unknown,,הסנדלר הולך יחף,,Ynet,2008-06-25,https://www.ynet.co.il/article/3560216,,,,,NimDvirArticles.xlsx!A251; MyWriting - NimDvirArticle.csv!line 251,
W079,No,,not started,column,,הכי כיף לחזור,,Ynet,2006-05-24,"https://www.ynet.co.il/articles/0,7340,L-3254692,00.html",,,,,NimDvirArticles.xlsx!A254; MyWriting - NimDvirArticle.csv!line 254; MyWriting - Sheet17.csv!line 14,
W080,No,,not started,unknown,,משפחת סופר על,,Ynet,,"https://www.ynet.co.il/articles/0,7340,L-3112281,00.html",,,,,NimDvirArticles.xlsx!A257; MyWriting - NimDvirArticle.csv!line 257,
W081,No,,not started,column,,תנו לה עוד,,Ynet,2007-11-07,"https://www.ynet.co.il/articles/0,7340,L-3468767,00.html",,,,,NimDvirArticles.xlsx!A260; MyWriting - NimDvirArticle.csv!line 260; MyWriting.xlsx!wiki-2!B3,headline not verified in source sheet
W082,No,,not started,unknown,,"הרצאה ב Y, להקת המחול של סידני",,Ynet,2011-11-11,"https://www.ynet.co.il/articles/0,7340,L-4145774,00.html",,,,,NimDvirArticles.xlsx!A269; MyWriting - NimDvirArticle.csv!line 269,
W083,No,,needs checking,report,,"""הדיקטטור"" הצמיד אקדח לחלציו של כתב ישראלי",,Ynet,2012-05-08,"https://www.ynet.co.il/articles/0,7340,L-4226092,00.html",,,,,NimDvirArticles.xlsx!A272; MyWriting - NimDvirArticle.csv!line 272; MyWriting.xlsx!Sheet12!D11; MyWriting.xlsx!wiki-2!B14; MyWriting.xlsx!wiki-2!B20; MyWriting - Sheet17.csv!line 5,"Sheet17.csv says: Ynet article about Nimrod Dvir’s encounter with Sacha Baron Cohen, in character as The Dictator, during a New York press conference."
W084,No,,not started,review,,טראש לנשנש,,Ynet,2009-08-19,"https://www.ynet.co.il/articles/0,7340,L-3764025,00.html",,,,,NimDvirArticles.xlsx!A281; MyWriting - NimDvirArticle.csv!line 281; MyWriting.xlsx!Sheet12!D6,
W085,No,,not started,column,,"חו""מ עולה",,Ynet,2009-02-22,"https://www.ynet.co.il/articles/0,7340,L-3674379,00.html",,,,,NimDvirArticles.xlsx!A284; MyWriting - NimDvirArticle.csv!line 284; MyWriting.xlsx!Sheet12!D4,
W086,No,,not started,review,,משפחה לא בוחרים. חבל,,Ynet,2009-10-13,"https://www.ynet.co.il/articles/0,7340,L-3789190,00.html",,,,,NimDvirArticles.xlsx!A290; MyWriting - NimDvirArticle.csv!line 290; MyWriting.xlsx!Sheet12!D7,
W087,No,,not started,column,,בשידור מת,,Ynet,2008-11-26,"https://www.ynet.co.il/articles/0,7340,L-3628359,00.html",,,,,NimDvirArticles.xlsx!A293; MyWriting - NimDvirArticle.csv!line 293,
W088,No,,not started,column,,הכוכב הצהוב,,Ynet,2007-05-09,"https://www.ynet.co.il/articles/0,7340,L-3397592,00.html",,,,,NimDvirArticles.xlsx!A299; MyWriting - NimDvirArticle.csv!line 299; MyWriting.xlsx!Sheet12!D3,
W089,No,,not started,unknown,,שונאות סיפור אהבה,,Israel Hayom,,https://www.israelhayom.co.il/magazine/shishabat/article/9324631,,,,,NimDvirArticles.xlsx!A302; MyWriting - NimDvirArticle.csv!line 302,
W090,No,,needs checking,interview,unknown,חזרתי,,Israel Hayom,,https://www.israelhayom.co.il/magazine/shishabat/article/9387288,,,,,NimDvirArticles.xlsx!A306; MyWriting - NimDvirArticle.csv!line 306,possible duplicate of W003
W091,No,,not started,unknown,,מת אב ומת אלול,,Ynet,,"https://www.ynet.co.il/articles/0,7340,L-3313046,00.html",,,,,MyWriting.xlsx!Sheet12!D2,
W092,No,,not started,unknown,,נמרוד דביר מדווח מהתפוח הגדול,,Xnet,,"https://xnet.ynet.co.il/xo/articles/0,14718,L-3091806,00.html",,,,,MyWriting.xlsx!Sheet12!D8; MyWriting.xlsx!wiki-2!B18,
W093,No,,not started,unknown,,למה נמרוד דביר מרגיש היי טבעי?,,Xnet,,"https://xnet.ynet.co.il/xo/articles/0,14718,L-3093217,00.html",,,,,MyWriting.xlsx!Sheet12!D10,
W094,No,,not started,unknown,,אין כמו רגע הקסם בפיסגה,,Israel Hayom,,https://www.israelhayom.co.il/opinion/226071,,,,,MyWriting.xlsx!Sheet12!D12,
W095,No,,not started,unknown,,הטבע חזק מכל,,Israel Hayom,,https://www.israelhayom.co.il/article/226051,,,,,MyWriting.xlsx!Sheet12!D13,
W096,No,,not started,unknown,,שונאות סיפור אהבה,,Israel Hayom,,https://www.israelhayom.co.il/article/648895,,,,,MyWriting.xlsx!Sheet12!D15,possible duplicate of W089
W097,No,,not started,unknown,,האוטופיה של קארים ראשיד,,At,2017-04-20,https://www.atmag.co.il/%D7%A8%D7%99%D7%90%D7%99%D7%95%D7%9F-%D7%A2%D7%9D-%D7%A7%D7%90%D7%A8%D7%99%D7%9D-%D7%A8%D7%90%D7%A9%D7%99%D7%93/,,,,,MyWriting.xlsx!Sheet12!D16; MyWriting.xlsx!wiki-2!B16; MyWriting.xlsx!wiki-2!B55; he.wikipedia:כרים רשיד,link from {{קישור כללי}} citation on he.wikipedia: כרים רשיד
W098,No,,not started,unknown,,"גילה גמליאל מפחדת מהיום בו ""סיפורה של שפחה"" תהיה המציאות בישראל",,At,,https://www.atmag.co.il/%D7%92%D7%99%D7%9C%D7%94-%D7%92%D7%9E%D7%9C%D7%99%D7%90%D7%9C-%D7%A8%D7%99%D7%90%D7%99%D7%95%D7%9F/,,,,,MyWriting.xlsx!Sheet12!D17; MyWriting.xlsx!wiki-2!B15,
W099,No,,needs checking,other,,רשימת קריאה #52,,Portfolio,,https://www.prtfl.co.il/archives/94154,,,,,MyWriting.xlsx!Sheet12!D18,may be a reading list that mentions Nim rather than his own piece
W100,No,,not started,unknown,,What My Personal Story From the 1991 Iraqi Scud Assault Teaches About COVID-19,,Jewish Journal,,https://jewishjournal.com/commentary/327554/what-my-personal-story-from-the-1991-iraqi-scud-assault-teaches-about-covid-19/,,,,,MyWriting.xlsx!Sheet12!D19,
W101,No,,not started,review,,Film Review - Sex and the City 2,,Blog (nimdvir.blogspot.com),2018-09,https://nimdvir.blogspot.com/2018/09/film-review-sex-and-city-2.html,,,,,MyWriting.xlsx!wiki-2!B4,English post on Nim's blog
W102,No,,not started,unknown,,Going Viral ★ Sacha Baron Cohen,,Blog (nimdvir.blogspot.com),2012-05,https://nimdvir.blogspot.com/2012/05/going-viral-sacha-baron-cohen.html,,,,,MyWriting.xlsx!wiki-2!B5,English post on Nim's blog
W103,No,,needs checking,interview,unknown,Interview ✪ Michael Lewis is Boiling!,,Blog (nimdvir.blogspot.com),2012-05,https://nimdvir.blogspot.com/2012/05/interview-michael-lewis-is-boiling.html,,,,,MyWriting.xlsx!wiki-2!B6,English post on Nim's blog
W104,No,,needs checking,interview,unknown,"Interview ✫ ""Fashion Star""",,Blog (nimdvir.blogspot.com),2012-05,https://nimdvir.blogspot.com/2012/05/interview-star.html,,,,,MyWriting.xlsx!wiki-2!B7,English post on Nim's blog
W105,No,,not started,feature,,Set Visit ★ Homeland,,Blog (nimdvir.blogspot.com),2012-10,https://nimdvir.blogspot.com/2012/10/set-visit-homeland.html,,,,,MyWriting.xlsx!wiki-2!B8,English post on Nim's blog
W106,No,,not started,unknown,,Sex and the City 2 — NRG article link referenced in portfolio post,,nrg,,http://www.nrg.co.il/online/47/ART2/113/207.html,,,,,MyWriting.xlsx!wiki-2!B9,
W107,No,,needs checking,unknown,,,,Xnet,,"https://xnet.ynet.co.il/xo/articles/0,,L-3092537,00.html",,,,,MyWriting.xlsx!wiki-2!B13; MyWriting - Sheet17.csv!line 16,headline not verified in source sheet
W108,No,,not started,unknown,,מגילת אסתר,,Ynet,,"https://www.ynet.co.il/articles/0,7340,L-3833348,00.html",,,,,MyWriting.xlsx!wiki-2!B17,
W109,No,,not started,unknown,,137 השניות שישנו את העולם,,Ynet,2009-10-12,"https://www.ynet.co.il/articles/0,7340,L-3788238,00.html",,,,,MyWriting.xlsx!wiki-2!B21; he.wikipedia:פלאש פורוורד,link from {{ynet}} citation on he.wikipedia: פלאש פורוורד
W110,No,,needs checking,interview,unknown,"An interview with Gila Gamliel, the Israeli Minister of Intelligence",,Blog (nimdvir.blogspot.com),2023-04,https://nimdvir.blogspot.com/2023/04/an-interview-with-gila-gamliel-israeli.html,,,,,MyWriting.xlsx!wiki-2!B22,English post on Nim's blog
W111,No,,needs checking,unknown,,הכי כיף לחזור,,,,,,,,,MyWriting.xlsx!wiki-2!B27,"listed with a section page, not an article link: https://www.ynet.co.il/.../pnaiplustest/turim; possible duplicate of W079"
W112,No,,needs checking,unknown,,יש מקום לכולם,,,,,,,,,MyWriting.xlsx!wiki-2!B28,"listed with a section page, not an article link: https://www.ynet.co.il/entertaiment/tvhp/tvreview; possible duplicate of W016"
W113,No,,needs checking,unknown,,עקרות בית מרעישות,,,,,,,,,MyWriting.xlsx!wiki-2!B30,"listed with a section page, not an article link: https://www.ynet.co.il/entertaiment/tvhp/tvarticles"
W114,No,,not started,unknown,,"""לרוץ איתו""",,nrg,2010-08-26,https://www.makorrishon.co.il/nrg/online/47/ART2/149/265.html,,,,,MyWriting.xlsx!wiki-2!B31; MyWriting.xlsx!wiki-2!B40; MyWriting.xlsx!wiki-2!B89,headline not verified in source sheet; link from {{nrg}} citation on he.wikipedia: על מה אני מדבר כשאני מדבר על ריצה; link from {{nrg}} citation on he.wikipedia: הרוקי מורקמי
W115,No,,not started,unknown,,"""אחת אפס אפס"": למכורים לז'אנר",,Ynet,2011-10-25,"https://www.ynet.co.il/articles/0,7340,L-4138799,00.html",,,,,MyWriting.xlsx!wiki-2!B33,link from {{ynet}} citation on he.wikipedia: אחת אפס אפס
W116,No,,not started,unknown,,"""אילנה היא פנומן""",,nrg,2010-12-05,https://www.makorrishon.co.il/nrg/online/1/ART2/185/285.html,,,,,MyWriting.xlsx!wiki-2!B34,link from {{nrg}} citation on he.wikipedia: בן שני
W117,No,,not started,unknown,,"""אין כזה דבר ברבי וקן""",,Ynet,2008-02-20,"https://www.ynet.co.il/articles/0,7340,L-3509150,00.html",,,,,MyWriting.xlsx!wiki-2!B35,link from {{ynet}} citation on he.wikipedia: אילנית לוי
W118,No,,not started,interview,רנדי הריסון,"""אין לאף אחד סיכוי איתי"": ריאיון עם רנדי הריסון",,nrg,2011-05-15,https://www.makorrishon.co.il/nrg/online/47/ART2/240/297.html,,,,,MyWriting.xlsx!wiki-2!B36,link from {{nrg}} citation on he.wikipedia: רנדי הריסון
W119,No,,not started,unknown,,"""אני כמו ציפור חופשייה, אדון לעצמי""",,Ynet,2008-03-14,"https://www.ynet.co.il/articles/0,7340,L-3519047,00.html",,,,,MyWriting.xlsx!wiki-2!B37,link from {{ynet}} citation on he.wikipedia: סי היימן
W120,No,,not started,unknown,,"""הנוער"" העובד: פרס לסרט ""הנוער""",,nrg,2012-12-07,https://www.makorrishon.co.il/nrg/online/47/ART2/186/645.html,,,,,MyWriting.xlsx!wiki-2!B38,link from {{nrg}} citation on he.wikipedia: הנוער
W121,No,,not started,unknown,,"""הסודות"" מועמד לפרס גאה בארצות הברית",,nrg,2010-01-17,https://www.makorrishon.co.il/nrg/online/47/ART2/041/274.html,,,,,MyWriting.xlsx!wiki-2!B39,link from {{הערה}} citation on he.wikipedia: הסודות
W122,No,,not started,unknown,,"""מיליוני אנשים חשים דחויים כמו פרנקנשטיין""",,Ynet,2014-02-18,"https://www.ynet.co.il/articles/0,7340,L-4489368,00.html",,,,,"MyWriting.xlsx!wiki-2!B41; he.wikipedia:אני, פרנקנשטיין","link from {{ynet}} citation on he.wikipedia: ארון אקהרט; link from {{ynet}} citation on he.wikipedia: אני, פרנקנשטיין"
W123,No,,not started,unknown,,"""עקרות בית נואשות"": שולטות ולא מחדשות",,Ynet,2011-09-26,"https://www.ynet.co.il/articles/0,7340,L-4127552,00.html",,,,,MyWriting.xlsx!wiki-2!B42,link from {{ynet}} citation on he.wikipedia: עקרות בית נואשות
W124,No,,not started,report,,Fade - הוכרזו זוכי פסטיבל עכו לתיאטרון,,nrg,2010-09-29,https://www.makorrishon.co.il/nrg/online/47/ART2/161/782.html,,,,,MyWriting.xlsx!wiki-2!B43; MyWriting.xlsx!wiki-2!B58; MyWriting.xlsx!wiki-2!B59; MyWriting.xlsx!wiki-2!B60,link from {{nrg}} citation on he.wikipedia: רועי נווה; link from {{nrg}} citation on he.wikipedia: משה בן שושן; link from {{nrg}} citation on he.wikipedia: מירי לזר; link from {{קישור כללי}} citation on he.wikipedia: משתמש:רועי נווה/רועי נווה
W125,No,,not started,interview,דיוויד דוכובני,SEX FILES: ריאיון עם דיוויד דוכובני,,nrg,2010-06-18,https://www.makorrishon.co.il/nrg/online/47/ART2/121/102.html,,,,,MyWriting.xlsx!wiki-2!B44,link from {{nrg}} citation on he.wikipedia: דייוויד דוכובני
W126,No,,not started,interview,מלאני בי,TO B: ריאיון עם מלאני בי,,nrg,2011-02-17,https://www.makorrishon.co.il/nrg/online/47/ART2/212/933.html,,,,,MyWriting.xlsx!wiki-2!B45,link from {{nrg}} citation on he.wikipedia: מל בי
W127,No,,not started,unknown,,אבני המריבה: האמנית מיכל רובנר תציג במוזיאון הלובר,,nrg,2011-05-17,https://www.makorrishon.co.il/nrg/online/47/ART2/241/541.html?hp=47&cat=306&loc=131,,,,,MyWriting.xlsx!wiki-2!B46,link from {{הערה}} citation on he.wikipedia: מיכל רובנר
W128,No,,not started,interview,עדי נוימן,אדומה ולוהטת: ריאיון עם עדי נוימן,,nrg,2011-09-02,https://www.makorrishon.co.il/nrg/online/7/ART2/278/125.html,,,,,MyWriting.xlsx!wiki-2!B47,link from {{nrg}} citation on he.wikipedia: עדי נוימן
W129,No,,not started,report,,איאן מקיואן יקבל את פרס ירושלים,,nrg,2011-01-18,https://www.makorrishon.co.il/nrg/online/47/ART2/201/922.html,,,,,MyWriting.xlsx!wiki-2!B49,link from {{nrg}} citation on he.wikipedia: איאן מקיואן
W130,No,,not started,unknown,,איילת מטיילת,,Ynet,2009-02-18,"https://www.ynet.co.il/articles/0,7340,L-3673043,00.html",,,,,MyWriting.xlsx!wiki-2!B50,link from {{ynet}} citation on he.wikipedia: איילת זורר
W131,No,,not started,unknown,,אמא רוסיה: על ההופעה של מארינה מקסמיליאן בלומין,,nrg,2010-11-21,https://www.makorrishon.co.il/nrg/online/47/ART2/180/523.html,,,,,MyWriting.xlsx!wiki-2!B51,link from {{nrg}} citation on he.wikipedia: מארינה מקסימיליאן
W132,No,,not started,unknown,,"גאה לבקר: רנדי הריסון (""הכי גאים שיש"") מגיע לישראל",,nrg,2011-04-28,https://www.makorrishon.co.il/nrg/online/47/ART2/236/158.html?hp=7&cat=307&loc=11,,,,,MyWriting.xlsx!wiki-2!B53,link from {{הערה}} citation on he.wikipedia: רנדי הריסון
W133,No,,not started,unknown,,דיסטרביה: על ההופעה של ריהאנה בישראל,,nrg,2010-05-31,https://www.makorrishon.co.il/nrg/online/47/ART2/114/059.html,,,,,MyWriting.xlsx!wiki-2!B54,link from {{nrg}} citation on he.wikipedia: ריהאנה
W134,No,,not started,unknown,,הבראנד החזק,,Ynet,2009-09-13,"https://www.ynet.co.il/articles/0,7340,L-3775937,00.html",,,,,MyWriting.xlsx!wiki-2!B56,link from {{ynet}} citation on he.wikipedia: ראסל בראנד
W135,No,,not started,report,,הוכרזו הזוכים בפרסי מוזיאון ישראל לאמנות ולעיצוב לשנת 2010,,nrg,2011-01-31,https://www.makorrishon.co.il/nrg/online/47/ART2/206/547.html,,,,,MyWriting.xlsx!wiki-2!B57,link from {{nrg}} citation on he.wikipedia: ברי פרידלנדר
W136,No,,not started,unknown,,הולך הביתה,,nrg,2010-01-06,https://www.makorrishon.co.il/nrg/online/47/ART2/030/940.html,,,,,MyWriting.xlsx!wiki-2!B61; he.wikipedia:תומר היימן,link from {{nrg}} citation on he.wikipedia: תומר הימן; link from {{nrg}} citation on he.wikipedia: תומר היימן
W137,No,,not started,report,,הזוכים בפרס שרת התרבות בתחום היצירה הספרותית,,nrg,2011-02-28,https://www.makorrishon.co.il/nrg/online/47/ART2/217/015.html,,,,,MyWriting.xlsx!wiki-2!B62; MyWriting.xlsx!wiki-2!B103; MyWriting.xlsx!wiki-2!B104; MyWriting.xlsx!wiki-2!B105; he.wikipedia:יונדב קפלון,link from {{nrg}} citation on he.wikipedia: יהודה אטלס; link from {{nrg}} citation on he.wikipedia: דנה כספי; link from {{הערה}} citation on he.wikipedia: חוה חבושי; link from {{הערה}} citation on he.wikipedia: חגית בת-עדה; link from {{nrg}} citation on he.wikipedia: יונדב קפלון
W138,No,,not started,unknown,,הם מאשימים,,Ynet,2009-10-28,"https://www.ynet.co.il/articles/0,7340,L-3796103,00.html",,,,,MyWriting.xlsx!wiki-2!B63,link from {{ynet}} citation on he.wikipedia: סינרגיה (להקה)
W139,No,,not started,unknown,,המאמי הלאומית,,Ynet,2008-03-26,"https://www.ynet.co.il/articles/0,7340,L-3524075,00.html",,,,,MyWriting.xlsx!wiki-2!B64,link from {{ynet}} citation on he.wikipedia: אפרת בוימולד
W140,No,,not started,interview,ורד פלדמן ועופרי פרישקולניק,המזל שלי עם גברים: ריאיון עם ורד פלדמן ועופרי פרישקולניק,,nrg,2010-07-28,https://www.makorrishon.co.il/nrg/online/47/ART2/137/678.html,,,,,MyWriting.xlsx!wiki-2!B65,link from {{nrg}} citation on he.wikipedia: ורד פלדמן
W141,No,,not started,other,,המלצות השבוע של ידיעות אמריקה (ניו-יורק),,Ynet,2012-10-18,"https://www.ynet.co.il/articles/0,7340,L-4294150,00.html",,,,,MyWriting.xlsx!wiki-2!B66,link from {{ynet}} citation on he.wikipedia: הדירה (סרט תיעודי)
W142,No,,not started,unknown,,השף המתפשט,,Ynet,2006-09-12,"https://www.ynet.co.il/articles/0,7340,L-3302884,00.html",,,,,MyWriting.xlsx!wiki-2!B68,link from {{ynet}} citation on he.wikipedia: ישראל אהרוני (שף)
W143,No,,not started,unknown,,התדמית שלי התפוצצה,,Ynet,2009-04-01,"https://www.ynet.co.il/articles/0,7340,L-3695173,00.html",,,,,MyWriting.xlsx!wiki-2!B69,link from {{ynet}} citation on he.wikipedia: מאיה בוסקילה
W144,No,,not started,unknown,,וואן דיירקשן בהופעה: כריזמה של כוכבים אמיתיים,,Ynet,2012-12-05,"https://www.ynet.co.il/articles/0,7340,L-4315968,00.html",,,,,MyWriting.xlsx!wiki-2!B70; he.wikipedia:וואן דיירקשן,link from {{ynet}} citation on he.wikipedia: ואן דיירקשן; link from {{ynet}} citation on he.wikipedia: וואן דיירקשן
W145,No,,not started,report,,ותודה לאקדמיה: האחים כהן זוכים בפרס,,nrg,2011-02-22,https://www.makorrishon.co.il/nrg/online/47/ART2/214/953.html,,,,,MyWriting.xlsx!wiki-2!B72,link from {{nrg}} citation on he.wikipedia: האחים כהן
W146,No,,needs checking,interview,unknown,חוק נימוס חובה: כוהנת הנימוסים תמי לנצוט בראיון מנומס,,nrg,2010-10-08,https://www.makorrishon.co.il/nrg/online/1/ART1/164/615.html,,,,,MyWriting.xlsx!wiki-2!B73,link from {{nrg}} citation on he.wikipedia: תמי לנצוט ליבוביץ
W147,No,,not started,interview,אורנה דץ,חיה את הסרט: ריאיון עם אורנה דץ,,nrg,2010-09-08,https://www.makorrishon.co.il/nrg/online/47/ART2/154/797.html,,,,,MyWriting.xlsx!wiki-2!B77,link from {{nrg}} citation on he.wikipedia: אורנה דץ
W148,No,,not started,unknown,,חיים ישראליים: אות הוקרה לחיים חפר,,nrg,2011-05-03,https://www.makorrishon.co.il/nrg/online/47/ART2/237/380.html,,,,,MyWriting.xlsx!wiki-2!B78,link from {{nrg}} citation on he.wikipedia: חיים חפר
W149,No,,not started,interview,חנה לסלאו,"חנה לסלאו: ""בסך הכל, אני אחת העם""",,nrg,2010-10-30,https://www.makorrishon.co.il/nrg/online/47/ART2/170/652.html,,,,,MyWriting.xlsx!wiki-2!B79,link from {{nrg}} citation on he.wikipedia: חנה לסלאו
W150,No,,not started,interview,רוני דואני,ילדה טובה: ריאיון עם רוני דואני,,nrg,2010-07-03,https://www.makorrishon.co.il/nrg/online/47/ART2/126/218.html,,,,,MyWriting.xlsx!wiki-2!B80,link from {{nrg}} citation on he.wikipedia: רוני דואני
W151,No,,not started,report,,"יעקב אגמון מונה למנכ""ל התיאטרון הערבי-עברי",,nrg,2010-10-31,https://www.makorrishon.co.il/nrg/online/47/ART2/172/843.html,,,,,MyWriting.xlsx!wiki-2!B81,link from {{nrg}} citation on he.wikipedia: התיאטרון הערבי-עברי ביפו
W152,No,,not started,unknown,,כבר לא עושה שטיחים: ג'ואן ריברס פורשת,,nrg,2011-01-10,https://www.makorrishon.co.il/nrg/online/47/ART2/198/854.html,,,,,MyWriting.xlsx!wiki-2!B82,link from {{nrg}} citation on he.wikipedia: ג'ואן ריברס
W153,No,,not started,unknown,,"כחול לבן: על ""אנשי החוק""",,nrg,2010-04-21,https://www.makorrishon.co.il/nrg/online/47/ART2/096/787.html,,,,,MyWriting.xlsx!wiki-2!B83,link from {{nrg}} citation on he.wikipedia: אנשי החוק
W154,No,,not started,unknown,,לא בן של מלך – מלך,,Ynet,2009-02-25,"https://www.ynet.co.il/articles/0,7340,L-3676634,00.html",,,,,MyWriting.xlsx!wiki-2!B84,link from {{ynet}} citation on he.wikipedia: קובי פרץ
W155,No,,not started,interview,שרי גבעתי,לא נערת זוהר: ריאיון עם שרי גבעתי,,nrg,2011-01-13,https://www.makorrishon.co.il/nrg/online/47/ART2/199/636.html,,,,,MyWriting.xlsx!wiki-2!B85,link from {{nrg}} citation on he.wikipedia: שרי גבעתי
W156,No,,not started,unknown,,לא צעירים לנצח,,Ynet,2009-07-22,"https://www.ynet.co.il/articles/0,7340,L-3749822,00.html",,,,,MyWriting.xlsx!wiki-2!B86,link from {{ynet}} citation on he.wikipedia: צעירי תל אביב
W157,No,,not started,unknown,,להקת מגאדת' חוזרת לישראל,,nrg,2011-02-13,https://www.makorrishon.co.il/nrg/online/47/ART2/211/450.html,,,,,MyWriting.xlsx!wiki-2!B87,link from {{nrg}} citation on he.wikipedia: מגאדת'
W158,No,,not started,feature,,לרגל העונה השניה: ביקור על הסט של הומלנד,,Xnet,2012-10-04,"https://xnet.ynet.co.il/xo/articles/0,7340,L-3097583,00.html",,,,,MyWriting.xlsx!wiki-2!B88,link from {{xnet}} citation on he.wikipedia: הומלנד
W159,No,,not started,unknown,,מאמא מיה! סיפורה של פרידה לינגסטד מאבבא,,nrg,2010-11-14,https://www.makorrishon.co.il/nrg/online/47/ART2/177/077.html,,,,,MyWriting.xlsx!wiki-2!B90,link from {{nrg}} citation on he.wikipedia: אנני-פריד לינגסטד
W160,No,,not started,unknown,,"מבחן המציאות: טעימה מהתפריט של אינה קראבצקי למסעדת ""בליני""",,nrg,2011-02-17,https://www.makorrishon.co.il/nrg/online/55/ART2/213/196.html,,,,,MyWriting.xlsx!wiki-2!B91,link from {{nrg}} citation on he.wikipedia: אינה קראבצקי
W161,No,,not started,unknown,,מהלב,,Ynet,2006-08-10,"https://www.ynet.co.il/articles/0,7340,L-3289368,00.html",,,,,MyWriting.xlsx!wiki-2!B92,link from {{ynet}} citation on he.wikipedia: איתי לב (במאי)
W162,No,,not started,interview,ראג'ה ראם,מהראג'ה: ריאיון עם ראג'ה ראם,,nrg,2010-06-23,https://www.makorrishon.co.il/nrg/online/47/ART2/123/378.html,,,,,MyWriting.xlsx!wiki-2!B93,link from {{nrg}} citation on he.wikipedia: ראג'ה ראם
W163,No,,not started,unknown,,מחוברת,,Ynet,2009-08-12,"https://www.ynet.co.il/articles/0,7340,L-3760291,00.html",,,,,MyWriting.xlsx!wiki-2!B94,link from {{ynet}} citation on he.wikipedia: נועה תשבי
W164,No,,not started,interview,מייקל לואיס,"מייקל לואיס: ""בכל מקרה הייתי עף בין הראשונים""",,Xnet,2012-05-05,"https://xnet.ynet.co.il/xo/articles/0,7340,L-3094833,00.html",,,,,MyWriting.xlsx!wiki-2!B95,link from {{xnet}} citation on he.wikipedia: מייקל לואיס (דוגמן)
W165,No,,not started,interview,מייקל פאסבנדר,מייקל פאסבנדר: 'מקווה שהאנושות השתנתה',,Ynet,2014-01-20,"https://www.ynet.co.il/articles/0,7340,L-4478514,00.html",,,,,MyWriting.xlsx!wiki-2!B96; he.wikipedia:מייקל פאסבנדר; he.wikipedia:מייקל פסבנדר,"link from {{ynet}} citation on he.wikipedia: מייקל פאסבנדר; link from {{ynet}} citation on he.wikipedia: מייקל פסבנדר; possible duplicate of W005 (same date, both interviews)"
W166,No,,not started,unknown,,מנה מנה,,Ynet,2009-06-14,https://www.ynet.co.il/article/3729849,,,,,MyWriting.xlsx!wiki-2!B97,link from {{ynet}} citation on he.wikipedia: ערוץ החיים הטובים
W167,No,,needs checking,unknown,,"מספרים אהבה:על בדידותם של המספרים הראשוניים,nrgבאתר",,,,,,,,,MyWriting.xlsx!wiki-2!B98,no article link: he.wikipedia בדידותם של המספרים הראשוניים: no citation by Nim matched the headline
W168,No,,not started,interview,דנה סמו,מצחיקולה: ראיון עם דנה סמו,,nrg,2011-05-22,https://www.makorrishon.co.il/nrg/online/47/ART2/241/607.html,,,,,MyWriting.xlsx!wiki-2!B99,link from {{nrg}} citation on he.wikipedia: דנה סמו
W169,No,,not started,unknown,,משוחררת,,Ynet,2008-08-27,https://pplus.ynet.co.il/rechilut/article/3588129,,,,,MyWriting.xlsx!wiki-2!B100,link from {{פנאי פלוס}} citation on he.wikipedia: דנה פרידר
W170,No,,not started,review,,"סופר בוק: ביקורת על ""הרשת החברתית""",,nrg,2010-10-29,https://www.makorrishon.co.il/nrg/online/47/ART2/172/386.html,,,,,MyWriting.xlsx!wiki-2!B101,link from {{nrg}} citation on he.wikipedia: הרשת החברתית
W171,No,,not started,unknown,,סופר סטאר,,Ynet,2009-07-23,"https://www.ynet.co.il/articles/0,7340,L-3750489,00.html",,,,,MyWriting.xlsx!wiki-2!B102,link from {{ynet}} citation on he.wikipedia: דארן סטאר
W172,No,,not started,unknown,,"סטיב בושמי, כוכב ""אמפריית הפשע"", לא מפחד למות",,Xnet,2012-10-16,"https://xnet.ynet.co.il/xo/articles/0,7340,L-3097837,00.html",,,,,MyWriting.xlsx!wiki-2!B106,link from {{xnet}} citation on he.wikipedia: סטיב בושמי
W173,No,,not started,unknown,,סטיבן פריי מגיע לישראל,,nrg,2011-01-16,https://www.makorrishon.co.il/nrg/online/47/ART2/201/034.html,,,,,MyWriting.xlsx!wiki-2!B107,link from {{nrg}} citation on he.wikipedia: גלעד צוקרמן
W174,No,,not started,interview,ספייק לי,"ספייק לי: ""באוסקר מפשלים לפעמים""",,Ynet,2013-12-10,"https://www.ynet.co.il/articles/0,7340,L-4463232,00.html",,,,,MyWriting.xlsx!wiki-2!B108,link from {{ynet}} citation on he.wikipedia: ספייק לי
W175,No,,not started,unknown,,סקס אחר: על פסטיבל הקולנוע גאה,,nrg,2010-06-21,https://www.makorrishon.co.il/nrg/online/47/ART2/122/595.html,,,,,MyWriting.xlsx!wiki-2!B109,link from {{nrg}} citation on he.wikipedia: הפסטיבל הבינלאומי לקולנוע גאה
W176,No,,not started,interview,סת' רוגן,"סת' רוגן"":יש בזאק אפרון משהו מפחיד""",,Ynet,2014-05-15,"https://www.ynet.co.il/articles/0,7340,L-4518968,00.html",,,,,MyWriting.xlsx!wiki-2!B110; he.wikipedia:זאק אפרון; he.wikipedia:סת' רוגן,link from {{ynet}} citation on he.wikipedia: זאק אפרון; link from {{ynet}} citation on he.wikipedia: סת' רוגן
W177,No,,not started,interview,ליאת גליק,עד הקצה: ריאיון עם ליאת גליק,,nrg,2010-06-12,https://www.makorrishon.co.il/nrg/online/47/ART2/118/314.html,,,,,MyWriting.xlsx!wiki-2!B111,link from {{nrg}} citation on he.wikipedia: לי את גליק
W178,No,,not started,unknown,,עיינים גדולות,,Ynet,2008-01-09,"https://www.ynet.co.il/articles/0,7340,L-3492167,00.html",,,,,MyWriting.xlsx!wiki-2!B112,link from {{ynet}} citation on he.wikipedia: עמירם עיני
W179,No,,not started,interview,עידו רוזנברג,פסטיבל האביב: ראיון עם עידו רוזנברג,,nrg,2010-05-04,https://www.makorrishon.co.il/nrg/online/47/ART2/102/752.html,,,,,MyWriting.xlsx!wiki-2!B113,link from {{nrg}} citation on he.wikipedia: עידו רוזנברג
W180,No,,not started,unknown,,"פצצות סוכר: על ""Sweet 7"" של השוגבייבז",,nrg,2010-03-24,https://www.makorrishon.co.il/nrg/online/47/ART2/085/946.html,,,,,MyWriting.xlsx!wiki-2!B114,link from {{nrg}} citation on he.wikipedia: שוגאבייבז
W181,No,,not started,unknown,,"צוחקים ביחד: נחשף הליהוק ל""העולם מצחיק"" של שמי זרחין",,nrg,2011-05-16,https://www.makorrishon.co.il/nrg/online/47/ART2/241/014.html,,,,,MyWriting.xlsx!wiki-2!B117,link from {{nrg}} citation on he.wikipedia: העולם מצחיק
W182,No,,not started,interview,אמה ווטסון,קסם אישי: ריאיון עם אמה ווטסון,,nrg,2011-06-16,https://www.makorrishon.co.il/nrg/online/47/ART2/249/781.html,,,,,MyWriting.xlsx!wiki-2!B118,link from {{nrg}} citation on he.wikipedia: אמה ווטסון
W183,No,,not started,unknown,,קסם על הבמה: זוכי פרסי הבמה לילדים ולנוער,,nrg,2011-08-22,https://www.makorrishon.co.il/nrg/online/47/ART2/273/965.html,,,,,MyWriting.xlsx!wiki-2!B119; MyWriting.xlsx!wiki-2!B120; he.wikipedia:פרס הבמה לילדים ונוער,link from {{nrg}} citation on he.wikipedia: זיו וולושין; link from {{nrg}} citation on he.wikipedia: נעה בירון; link from {{nrg}} citation on he.wikipedia: פרס הבמה לילדים ונוער
W184,No,,not started,unknown,,"קרב תרנגולות: מאחורי הקלעים של ""מלכות הדראג של ניו יורק""",,nrg,2010-06-28,https://www.makorrishon.co.il/nrg/online/47/ART2/125/775.html,,,,,MyWriting.xlsx!wiki-2!B121,link from {{nrg}} citation on he.wikipedia: דראג (לבוש)
W185,No,,not started,interview,מייק הנרי,ריאיון עם מייק הנרי,,nrg,2011-03-30,https://www.makorrishon.co.il/nrg/online/47/ART2/227/227.html,,,,,MyWriting.xlsx!wiki-2!B122,link from {{הערה}} citation on he.wikipedia: מייק הנרי
W186,No,,not started,interview,ריאן גוסלינג,"ריאן גוסלינג: ""האופנובנק הוא האליל שלי""",,Ynet,2013-05-11,"https://www.ynet.co.il/articles/0,7340,L-4361635,00.html",,,,,MyWriting.xlsx!wiki-2!B123,link from {{ynet}} citation on he.wikipedia: ראיין גוסלינג
W187,No,,not started,unknown,,"שומרים על כבוד עצמי: על ההצגה ""Fade""",,nrg,2010-12-21,https://www.makorrishon.co.il/nrg/online/47/ART2/191/520.html,,,,,MyWriting.xlsx!wiki-2!B124,link from {{nrg}} citation on he.wikipedia: משה בן שושן
W188,No,,not started,interview,דני גבע,שחקן קבוצתי: ריאיון עם דני גבע,,nrg,2010-12-07,https://www.makorrishon.co.il/nrg/online/47/ART2/183/405.html,,,,,MyWriting.xlsx!wiki-2!B125,link from {{nrg}} citation on he.wikipedia: דני גבע
W189,No,,not started,interview,יעל שרוני וליאת הר לב,שידורים בצבע: ראיון עם יעל שרוני וליאת הר לב,,nrg,2011-05-30,https://www.makorrishon.co.il/nrg/online/47/ART2/243/378.html,,,,,MyWriting.xlsx!wiki-2!B126; MyWriting.xlsx!wiki-2!B127,link from {{nrg}} citation on he.wikipedia: ליאת הר לב; link from {{nrg}} citation on he.wikipedia: יעל שרוני
W190,No,,not started,report,,שירזי הגדול: הוכרזו המנצחים בתחרות פרסי הלילה של XL,,nrg,2011-05-18,https://www.makorrishon.co.il/nrg/online/47/ART2/241/898.html,,,,,MyWriting.xlsx!wiki-2!B128,link from {{nrg}} citation on he.wikipedia: אלעד צפני
W191,No,,not started,interview,דנה רון,"של הביוקר: ריאיון עם דנה רון מ""האח הגדול""",,nrg,2011-02-23,https://www.makorrishon.co.il/nrg/online/47/ART2/214/461.html,,,,,MyWriting.xlsx!wiki-2!B129,link from {{nrg}} citation on he.wikipedia: דנה רון (מנחת טלוויזיה)
W192,No,,not started,interview,טל ברקוביץ',שלח לי שקט: ריאיון עם טל ברקוביץ',,nrg,2011-02-20,https://www.makorrishon.co.il/nrg/online/47/ART2/212/290.html,,,,,MyWriting.xlsx!wiki-2!B130,link from {{nrg}} citation on he.wikipedia: טל ברקוביץ'
W193,No,,not started,unknown,,"שני פרסים ל""לבנון"" בטקס האוסקר האירופאי",,nrg,2010-12-04,https://www.makorrishon.co.il/nrg/online/47/ART2/185/473.html,,,,,MyWriting.xlsx!wiki-2!B131,link from {{nrg}} citation on he.wikipedia: לבנון (סרט)
W194,No,,not started,unknown,,"שפת מחשב: על ""אקזיט"" מאת דני גרינברג",,nrg,2010-06-01,https://www.makorrishon.co.il/nrg/online/47/ART2/114/573.html,,,,,MyWriting.xlsx!wiki-2!B132,link from {{nrg}} citation on he.wikipedia: דני גרינברג
W195,No,,not started,unknown,,תקופת הסטון: אמה סטון כובשת את הוליווד,,nrg,2011-08-29,https://www.makorrishon.co.il/nrg/online/47/ART2/274/272.html,,,,,MyWriting.xlsx!wiki-2!B133,link from {{nrg}} citation on he.wikipedia: אמה סטון
W196,No,,not started,other,,המלצות השבוע של ידיעות אמריקה (ניו-יורק),,Ynet,2012-09-07,"https://www.ynet.co.il/articles/0,7340,L-4277840,00.html",,,,,he.wikipedia:שרה ארואסטי,link from {{ynet}} citation on he.wikipedia: שרה ארואסטי
W197,No,,needs checking,unknown,,,,nrg,,https://www.makorrishon.co.il/nrg/online/1/ART1/616/912.html,,,,,MyWriting - Sheet17.csv!line 12,headline and date not verified in source sheet
W198,No,,needs checking,unknown,,,,nrg,,https://www.makorrishon.co.il/nrg/online/1/ART2/178/322.html,,,,,MyWriting - Sheet17.csv!line 17,headline and date not verified in source sheet
